replay_id,date,map,same_team,hunter_hero,hunter_won,hunter_deaths,healsonly_hero,healsonly_kills,healsonly_deaths,healsonly_siege,healsonly_minion,healsonly_xp
60050447,2025-08-18 03:47:07,Battlefield of Eternity,0,Greymane,0,6,Muradin,11,3,31584,20984,13240
60360299,2025-09-10 04:07:42,Alterac Pass,0,Greymane,0,3,Muradin,3,2,101838,70256,17288
64097351,2026-06-27 04:25:52,Garden of Terror,1,Sylvanas,1,2,Sonya,0,5,106610,47193,8995
64097471,2026-06-27 04:56:44,Cursed Hollow,1,Sylvanas,0,4,Stukov,3,5,30115,9740,7917
64097513,2026-06-27 05:21:04,Battlefield of Eternity,1,Li-Ming,1,1,Arthas,4,1,18139,7255,6491
64097815,2026-06-27 05:54:27,Towers of Doom,1,Sylvanas,1,4,Mei,1,5,55180,34424,9617
64097875,2026-06-27 06:25:22,Alterac Pass,1,Sylvanas,1,2,Johanna,0,6,71496,53774,9907
64131324,2026-06-30 03:52:42,Braxis Holdout,1,Sylvanas,1,3,Lúcio,1,1,2444,596,3451
64132320,2026-06-30 04:27:16,Dragon Shire,1,Hanzo,0,3,Anduin,0,4,20301,17775,6806
64132447,2026-06-30 04:52:05,Infernal Shrines,1,Sylvanas,1,2,Lúcio,0,1,20983,5231,4892
64132708,2026-06-30 05:23:30,Alterac Pass,1,Sylvanas,0,4,Johanna,0,4,69447,63250,10428
64142672,2026-07-01 03:39:24,Towers of Doom,1,Sylvanas,1,0,E.T.C.,1,1,11632,5412,5032
64142728,2026-07-01 04:05:50,Sky Temple,1,Sylvanas,0,5,Arthas,1,5,23753,11558,6247
64142793,2026-07-01 04:34:57,Cursed Hollow,1,Hanzo,0,2,Tyrael,2,4,67812,37802,11136
64142836,2026-07-01 05:01:44,Hanamura Temple,1,Sylvanas,1,4,Tracer,5,1,62499,30349,9965
64163960,2026-07-02 03:15:23,Tomb of the Spider Queen,1,Sylvanas,0,7,Lúcio,2,0,20297,16627,8128
64164113,2026-07-02 03:39:37,Braxis Holdout,1,Gul'dan,1,1,Mei,1,1,29452,12067,4256
64164164,2026-07-02 03:59:44,Battlefield of Eternity,1,Sylvanas,0,5,Johanna,0,3,32913,26337,5830
64164217,2026-07-02 04:23:56,Dragon Shire,1,Garrosh,1,3,Kael'thas,1,0,71937,49314,8131
64164344,2026-07-02 04:49:35,Cursed Hollow,1,Tychus,1,2,Lúcio,1,0,16710,7976,4757
64164378,2026-07-02 05:15:47,Sky Temple,1,Sylvanas,0,4,Sonya,1,3,117413,76839,13669
64173834,2026-07-03 04:49:17,Braxis Holdout,1,Garrosh,0,4,Sonya,1,6,71020,50473,9029
64173874,2026-07-03 05:14:07,Infernal Shrines,1,Medivh,0,2,Tyrael,2,2,39008,17005,5131
64174397,2026-07-03 05:50:41,Battlefield of Eternity,1,Li-Ming,0,3,Samuro,1,6,84560,60528,18481
64174477,2026-07-03 06:18:13,Tomb of the Spider Queen,1,Junkrat,1,1,E.T.C.,3,3,22989,11155,5515
64204536,2026-07-05 05:24:42,Dragon Shire,1,Sylvanas,1,1,Chen,6,0,89087,64516,14062
64204561,2026-07-05 05:42:30,Towers of Doom,1,Sylvanas,1,0,Thrall,4,0,48103,36901,6022
64204600,2026-07-05 06:03:23,Infernal Shrines,1,Sylvanas,1,0,Thrall,1,1,78669,60916,11135
64204723,2026-07-05 06:30:54,Battlefield of Eternity,1,Junkrat,1,1,Thrall,7,1,110723,74473,18978
64204724,2026-07-01 03:19:56,Hanamura Temple,1,Orphea,1,0,D.Va,1,1,51203,36978,7740
64278469,2026-07-11 05:19:54,Tomb of the Spider Queen,1,Junkrat,0,1,Chen,5,5,98469,90160,20323
64278553,2026-07-11 05:37:45,Braxis Holdout,1,Sylvanas,1,1,Leoric,2,1,74830,56957,10617
64278693,2026-07-11 06:05:34,Infernal Shrines,1,Hanzo,0,1,Leoric,6,7,129750,121433,22130
64278755,2026-07-11 06:42:39,Hanamura Temple,1,Li-Ming,1,2,Thrall,7,4,181853,143356,26174
64430796,2026-07-24 03:44:19,Dragon Shire,1,Garrosh,0,2,Illidan,4,6,35902,33952,9301
64431160,2026-07-24 04:18:59,Haunted Mines,1,Sylvanas,1,4,Thrall,5,4,56673,41250,12262
64431236,2026-07-24 04:53:55,Infernal Shrines,1,Junkrat,0,4,Auriel,2,4,73709,59799,9569
64431283,2026-07-24 05:20:38,Tomb of the Spider Queen,1,Sylvanas,1,2,Thrall,3,6,63817,42269,8854
64445289,2026-07-25 03:40:27,Tomb of the Spider Queen,1,Garrosh,0,7,Thrall,4,0,125638,107971,16011
64445982,2026-07-25 04:03:16,Towers of Doom,1,Junkrat,1,0,Sonya,2,1,153184,114663,20080
64446801,2026-07-25 04:35:22,Alterac Pass,1,Sylvanas,1,3,Chen,6,1,89415,81247,17278
64447903,2026-07-25 05:18:56,Sky Temple,1,Abathur,1,1,Kerrigan,5,3,85594,78798,14910
64448816,2026-07-25 05:55:03,Volskaya Foundry,1,Sylvanas,0,5,Thrall,3,2,155573,117104,16582
64449907,2026-07-25 06:35:30,Towers of Doom,1,Junkrat,0,2,Li Li,3,0,32496,16363,4747
64707102,2026-08-13 04:08:59,Alterac Pass,1,Sylvanas,0,3,Kharazim,4,3,40073,27294,8277
64707133,2026-08-13 04:29:42,Volskaya Foundry,1,Sylvanas,1,2,Arthas,5,4,40537,32537,7785
64707180,2026-08-13 04:58:22,Tomb of the Spider Queen,1,Sylvanas,1,3,Stitches,2,1,69344,59136,10886
64707206,2026-08-13 05:19:31,Braxis Holdout,1,Sylvanas,1,0,Arthas,2,1,31301,17025,3637
64745089,2026-08-15 04:21:05,Garden of Terror,1,Hanzo,1,1,Sylvanas,2,1,111540,65280,13073
64745603,2026-08-15 05:14:39,Volskaya Foundry,1,Sylvanas,1,2,Arthas,4,1,45421,28523,8322
64771728,2026-08-17 04:41:08,Garden of Terror,1,Sylvanas,0,4,Gul'dan,4,5,114617,73821,12563
64771770,2026-08-17 05:02:09,Braxis Holdout,1,Junkrat,1,0,Sylvanas,8,1,39695,16944,5107
64874396,2026-08-25 02:02:28,Volskaya Foundry,1,Auriel,1,1,Chen,4,1,59106,39284,12723
64874541,2026-08-25 02:27:42,Haunted Mines,1,Hanzo,0,3,Blaze,3,1,85147,64305,12223
64874670,2026-08-25 02:57:47,Cursed Hollow,1,Junkrat,0,2,Sylvanas,3,4,86488,63455,14513
64888544,2026-08-26 04:28:49,Cursed Hollow,1,Hanzo,1,4,Sylvanas,6,5,83513,43041,10804
64888545,2026-08-26 04:50:59,Towers of Doom,1,Junkrat,1,2,Sylvanas,5,1,55131,36495,7439
64888547,2026-08-26 05:18:42,Braxis Holdout,1,Sylvanas,1,2,Gul'dan,3,4,141377,51358,10495
65124409,2026-09-11 03:15:41,Towers of Doom,1,Sylvanas,0,5,Sgt. Hammer,2,3,133085,80177,11740
65149910,2026-09-13 05:50:39,Dragon Shire,1,Sylvanas,1,2,Whitemane,2,2,15891,8294,5133
65151025,2026-09-13 06:18:36,Infernal Shrines,1,Junkrat,1,1,Imperius,5,1,142581,108789,20991
65151231,2026-09-13 06:46:17,Sky Temple,1,Sylvanas,1,4,Dehaka,2,2,136591,120081,19390
65645804,2026-10-02 03:21:32,Infernal Shrines,1,Hanzo,1,5,Tyrael,3,3,46558,20684,7727
65646282,2026-10-02 03:47:15,Cursed Hollow,1,Hanzo,0,3,Tyrael,0,2,39264,34161,5916
65646657,2026-10-02 04:13:06,Sky Temple,1,Orphea,0,2,Muradin,1,1,32491,26432,7235
65646765,2026-10-02 04:41:19,Volskaya Foundry,1,Junkrat,1,1,Blaze,0,2,168735,152910,25218
65646910,2026-10-02 05:20:19,Garden of Terror,1,Hanzo,0,5,Sylvanas,4,4,126176,73927,18738
65732711,2026-10-05 03:30:02,Cursed Hollow,1,Sylvanas,1,1,Thrall,4,0,116420,87624,17082
65733826,2026-10-05 03:51:15,Sky Temple,1,Chromie,1,1,Imperius,3,1,59107,50103,11219
65734028,2026-10-05 04:16:17,Infernal Shrines,1,Hanzo,0,2,Lunara,2,4,38013,29869,5410
65734142,2026-10-05 04:38:58,Alterac Pass,1,Sylvanas,1,0,Chromie,3,0,109300,60743,8474
65734714,2026-10-05 05:05:33,Dragon Shire,1,Chromie,1,2,Sylvanas,5,2,106118,45705,13494
65734871,2026-10-05 05:39:13,Garden of Terror,1,Junkrat,1,3,Tychus,4,2,179995,116885,17206
